x,y,z,rot,pitch
1651.6846,-266.8596,78.50001,3.7526433,-0.84299356
