x,y,z,rot,pitch
1412.295,-365.76572,50.0,4.717813,-0.034906186
