x,y,z,rot,pitch
1608.3376,-16.91756,50.0,3.1171713,-0.09773807
