x,y,z,rot,pitch
81.42676,-363.48837,50.0,0.25656316,0.21816632
