x,y,z,rot,pitch
1252.2291,-108.44467,50.0,3.797845,0.038398787
