x,y,z,rot,pitch
1586.494,-756.51953,50.0,5.4000573,-0.51836264
