x,y,z,rot,pitch
1690.2672,-657.14197,63.20001,4.305811,-0.0663239
