x,y,z,rot,pitch
1469.7948,-725.46924,66.100006,1.8308524,-0.07853779
